{
    "mainGame": [
        -1.3902562856674194,
        -0.6429330706596375,
        0.7532058358192444,
        -1.7576613426208496,
        -0.6997338533401489,
        0.5427672863006592,
        -0.2668527364730835,
        -0.8294153213500977,
        0.16725677251815796,
        -0.24391458928585052,
        -1.4476916790008545,
        -1.7785784006118774,
        2.3173913955688477,
        -0.9483740925788879,
        0.4189092814922333,
        0.3747352361679077
    ],
    "unitType_0": [
        -0.4095752239227295,
        -0.40761488676071167,
        1.0974880456924438,
        -0.5306728482246399,
        -0.3707626461982727,
        -1.1656042337417603,
        0.40710118412971497,
        0.0657077506184578,
        1.1126571893692017,
        0.3388115167617798,
        0.4039615988731384,
        2.497830390930176,
        0.6579196453094482,
        -0.04638276621699333,
        0.5604506731033325,
        1.5736194849014282
    ],
    "unitType_2": [
        -1.2643928527832031,
        0.026060689240694046,
        0.606113612651825,
        0.34269073605537415,
        0.34311443567276,
        -0.14843913912773132,
        -0.48259344696998596,
        0.0050667449831962585,
        1.841262698173523,
        -0.12230832129716873,
        0.549129843711853,
        1.9672679901123047,
        0.7244195342063904,
        -0.45071175694465637,
        0.8413877487182617,
        1.1663955450057983
    ],
    "unitType_1": [
        -0.6236090064048767,
        -0.14728128910064697,
        0.4957599937915802,
        0.2691211402416229,
        0.46358954906463623,
        -0.42037680745124817,
        -0.2299930453300476,
        0.03925393149256706,
        2.037607431411743,
        -0.13216328620910645,
        0.8836632370948792,
        1.9647436141967773,
        0.9161331653594971,
        -0.9771090149879456,
        1.0592607259750366,
        0.7384577989578247
    ],
    "unitType_4": [
        -1.229607343673706,
        0.021044736728072166,
        0.41255372762680054,
        -0.4599534571170807,
        -0.8041226267814636,
        -0.242738276720047,
        0.5999792814254761,
        -1.1416804790496826,
        0.31161537766456604,
        -0.04495583474636078,
        0.2756927013397217,
        1.1019701957702637,
        1.5737183094024658,
        1.1895458698272705,
        -0.14177288115024567,
        1.235765814781189
    ],
    "unitType_3": [
        0.2786964178085327,
        0.26880326867103577,
        -0.2535577118396759,
        -0.8397195339202881,
        0.3814450204372406,
        -0.9665961265563965,
        0.003297077491879463,
        -0.5450100898742676,
        0.8680887818336487,
        0.05801744386553764,
        1.0496087074279785,
        0.8761985898017883,
        2.226202964782715,
        -0.2808060646057129,
        -0.016334306448698044,
        0.7135201096534729
    ],
    "unitType_6": [
        -0.5625970959663391,
        0.39610013365745544,
        0.3881852626800537,
        -0.5352989435195923,
        -0.357069194316864,
        -0.5731629729270935,
        0.46872204542160034,
        -0.5627350211143494,
        0.9221211671829224,
        0.06176062673330307,
        0.8785744905471802,
        1.3571563959121704,
        1.3576220273971558,
        0.3553714156150818,
        -0.13088145852088928,
        1.3303766250610352
    ],
    "unitType_5": [
        -0.9103550910949707,
        0.3371581733226776,
        0.3881065845489502,
        -0.19229631125926971,
        -0.5978568196296692,
        -0.3843384385108948,
        0.2308616042137146,
        -1.13838529586792,
        0.5347766876220703,
        0.13590705394744873,
        0.1738579273223877,
        1.1991056203842163,
        1.668731451034546,
        1.3208485841751099,
        -0.36002618074417114,
        0.8217702507972717
    ],
    "unitType_-1": [
        0.0,
        0.0,
        0.0,
        0.0,
        0.0,
        0.0,
        0.0,
        0.0,
        0.0,
        0.0,
        0.0,
        0.0,
        0.0,
        0.0,
        0.0,
        0.0
    ],
    "actionType_4": [
        -0.34189271926879883,
        0.2716814875602722,
        0.1850624531507492,
        0.13997013866901398,
        1.4386080503463745,
        0.058902718126773834,
        -1.878959059715271,
        -0.2090146392583847,
        1.1015543937683105,
        -0.8364089131355286,
        1.1404165029525757,
        -0.821823000907898,
        1.4651920795440674,
        0.2087664157152176,
        -0.33405187726020813,
        0.9122053980827332
    ],
    "actionType_3": [
        0.2407960593700409,
        0.02132190763950348,
        1.213754653930664,
        0.054965682327747345,
        1.2440516948699951,
        -0.7511523365974426,
        -2.489886522293091,
        -0.19197361171245575,
        -0.030756738036870956,
        -0.3639921247959137,
        0.23665736615657806,
        -1.2104084491729736,
        1.0127813816070557,
        -0.33887365460395813,
        -0.8681943416595459,
        1.5749133825302124
    ],
    "actionType_5": [
        -0.9986090660095215,
        0.7263753414154053,
        0.8100107312202454,
        0.7233468294143677,
        1.4326542615890503,
        0.39736929535865784,
        -1.9827824831008911,
        -0.020519759505987167,
        -0.5557375550270081,
        -0.3849044740200043,
        0.7768145203590393,
        -0.11374949663877487,
        0.7381981015205383,
        2.266443967819214,
        -1.603917121887207,
        1.4538928270339966
    ],
    "actionType_0": [
        -0.3235824704170227,
        -0.46685561537742615,
        -0.029408762231469154,
        -0.3416733741760254,
        1.2839696407318115,
        0.005416871048510075,
        -2.610968828201294,
        0.4595925211906433,
        0.23239177465438843,
        -0.8573039174079895,
        0.002704811282455921,
        -0.39882877469062805,
        0.696014404296875,
        -0.1515255868434906,
        -1.1099969148635864,
        0.5484350323677063
    ],
    "actionType_2": [
        -0.11841768026351929,
        -0.37097039818763733,
        1.8623393774032593,
        -0.35236260294914246,
        0.735038161277771,
        -0.8055535554885864,
        -2.812737464904785,
        0.5252695083618164,
        -1.1801246404647827,
        -0.3598714768886566,
        -0.5257964730262756,
        -1.0375549793243408,
        0.014526689425110817,
        0.15159089863300323,
        -1.7189245223999023,
        1.7479376792907715
    ],
    "actionType_1": [
        -0.9016388058662415,
        -0.32734012603759766,
        0.3693031966686249,
        0.4008033275604248,
        1.286368727684021,
        0.18679168820381165,
        -2.5707619190216064,
        0.16513317823410034,
        -0.8612322211265564,
        -0.6215716004371643,
        -0.47138482332229614,
        -0.15427982807159424,
        0.2861047387123108,
        0.8409342765808105,
        -1.4536396265029907,
        1.2669180631637573
    ],
    "actionType_-1": [
        0.0,
        0.0,
        0.0,
        0.0,
        0.0,
        0.0,
        0.0,
        0.0,
        0.0,
        0.0,
        0.0,
        0.0,
        0.0,
        0.0,
        0.0,
        0.0
    ]
}