{
    "mainGame": [
        -1.1870518922805786,
        0.44619104266166687,
        0.2681584060192108,
        -1.6772522926330566,
        -0.3843703866004944,
        0.8194276094436646,
        -1.569135069847107,
        -0.7365965843200684,
        -1.2588797807693481,
        1.1287251710891724,
        -0.3722202479839325,
        -3.033690929412842,
        1.4449433088302612,
        -0.7858537435531616,
        0.3365400433540344,
        -0.9513721466064453
    ],
    "unitType_0": [
        -0.19404196739196777,
        0.2978290319442749,
        1.5351295471191406,
        0.9100773930549622,
        0.46116918325424194,
        0.5222831964492798,
        -2.6933982372283936,
        -1.6977107524871826,
        -1.2299317121505737,
        -1.014479637145996,
        -0.6714852452278137,
        0.04360157251358032,
        0.7151828408241272,
        1.4624656438827515,
        0.18840311467647552,
        -0.26647046208381653
    ],
    "unitType_2": [
        0.2617548108100891,
        -0.9718420505523682,
        0.09343266487121582,
        1.2295352220535278,
        0.8405563831329346,
        0.9439374208450317,
        -1.56304931640625,
        -0.39249271154403687,
        -0.37255197763442993,
        -0.9520271420478821,
        0.5043714642524719,
        0.7264715433120728,
        0.9493057727813721,
        0.3778021037578583,
        0.05997411161661148,
        -1.242836833000183
    ],
    "unitType_1": [
        0.027615860104560852,
        -1.1434071063995361,
        0.6614745855331421,
        1.051554799079895,
        0.7246835827827454,
        0.7001634836196899,
        -1.7118009328842163,
        -0.17266155779361725,
        -0.4077688753604889,
        -1.1318141222000122,
        0.7876016497612,
        0.704634428024292,
        0.7491040825843811,
        0.5577303171157837,
        0.29651373624801636,
        -1.163276195526123
    ],
    "unitType_4": [
        0.30099251866340637,
        -0.20420540869235992,
        -0.14267942309379578,
        0.6345828771591187,
        -0.5968738794326782,
        0.3154037892818451,
        -1.2220525741577148,
        -0.6173701882362366,
        -0.6129351854324341,
        -1.306191086769104,
        -0.05955122038722038,
        1.7562018632888794,
        0.7974792718887329,
        1.4260369539260864,
        -0.2652496099472046,
        -1.1489919424057007
    ],
    "unitType_3": [
        -0.22953926026821136,
        -0.7019819617271423,
        0.5483837127685547,
        0.14541396498680115,
        0.5393100380897522,
        0.3742719888687134,
        -1.0895557403564453,
        -0.5337831974029541,
        -0.6385810375213623,
        -0.86048424243927,
        0.8597007393836975,
        0.8737894892692566,
        0.9245834946632385,
        0.8450586199760437,
        0.3766380846500397,
        -0.7664458751678467
    ],
    "unitType_6": [
        0.17531897127628326,
        -0.034950822591781616,
        0.460746705532074,
        0.6076570749282837,
        0.029417384415864944,
        0.45117565989494324,
        -1.5520715713500977,
        -0.5569227933883667,
        -0.8256495594978333,
        -1.2057561874389648,
        0.3929765820503235,
        0.8235346078872681,
        1.0422654151916504,
        0.9898167848587036,
        0.372901052236557,
        -0.7925972938537598
    ],
    "unitType_5": [
        0.07985254377126694,
        -0.0747164934873581,
        -0.290144681930542,
        0.886634111404419,
        -0.364342600107193,
        0.18680690228939056,
        -1.3220305442810059,
        -0.43253305554389954,
        -0.4812164604663849,
        -0.9069276452064514,
        -0.35749372839927673,
        1.769289255142212,
        0.8490321040153503,
        0.8587629199028015,
        -0.24521969258785248,
        -1.1088392734527588
    ],
    "unitType_-1": [
        0.0,
        0.0,
        0.0,
        0.0,
        0.0,
        0.0,
        0.0,
        0.0,
        0.0,
        0.0,
        0.0,
        0.0,
        0.0,
        0.0,
        0.0,
        0.0
    ],
    "actionType_4": [
        0.10853967815637589,
        -0.7992702722549438,
        -1.7649545669555664,
        0.57878577709198,
        1.8997089862823486,
        2.2170732021331787,
        -0.3644864857196808,
        0.38658300042152405,
        0.6075831055641174,
        0.8180525898933411,
        1.8722003698349,
        0.1677011400461197,
        0.6899991035461426,
        -2.0043911933898926,
        -0.9814819097518921,
        -2.0740082263946533
    ],
    "actionType_3": [
        0.5240525603294373,
        1.323192834854126,
        -1.4515846967697144,
        -2.0244719982147217,
        -0.3762475550174713,
        0.907158613204956,
        -1.4998124837875366,
        0.294991135597229,
        -1.3637739419937134,
        -0.28796815872192383,
        0.8854012489318848,
        -0.9891418218612671,
        -0.34429430961608887,
        -0.699641764163971,
        -1.2447174787521362,
        -0.2997247278690338
    ],
    "actionType_5": [
        1.9122655391693115,
        1.2750229835510254,
        -2.4239132404327393,
        -1.2827013731002808,
        -0.2637674808502197,
        0.17319127917289734,
        -0.6782100200653076,
        0.9060094952583313,
        -2.1615800857543945,
        -1.029780626296997,
        -0.17288720607757568,
        0.7285667657852173,
        -1.0345096588134766,
        -0.6378350853919983,
        -1.2501205205917358,
        0.31127387285232544
    ],
    "actionType_0": [
        0.6089522242546082,
        0.3986894190311432,
        -2.462043046951294,
        -0.8425087332725525,
        0.8723203539848328,
        0.1653929352760315,
        -1.0623512268066406,
        0.008053441531956196,
        -0.6244080066680908,
        0.05329510569572449,
        1.4545272588729858,
        -0.947504460811615,
        0.17259061336517334,
        -1.4811265468597412,
        -1.0518176555633545,
        -1.0159436464309692
    ],
    "actionType_2": [
        0.8748707175254822,
        2.2572948932647705,
        -1.3414742946624756,
        -2.5860838890075684,
        -0.9315156936645508,
        -0.13337339460849762,
        -2.3017594814300537,
        -0.05695648491382599,
        -2.3333773612976074,
        -0.9935181736946106,
        0.5876399874687195,
        -1.5634794235229492,
        -0.6924077868461609,
        -0.07589969784021378,
        -1.4887497425079346,
        0.29294395446777344
    ],
    "actionType_1": [
        0.11811685562133789,
        0.7066945433616638,
        -2.7425894737243652,
        -1.5127075910568237,
        0.3079344928264618,
        -0.16514591872692108,
        -0.6949590444564819,
        -0.3716996908187866,
        -1.719416856765747,
        -0.9316204190254211,
        0.6570411920547485,
        -1.3491358757019043,
        -0.16413424909114838,
        -1.2253323793411255,
        -1.8892039060592651,
        -0.047385748475790024
    ],
    "actionType_-1": [
        0.0,
        0.0,
        0.0,
        0.0,
        0.0,
        0.0,
        0.0,
        0.0,
        0.0,
        0.0,
        0.0,
        0.0,
        0.0,
        0.0,
        0.0,
        0.0
    ]
}