{
    "mainGame": [
        -1.4983766078948975,
        0.3066658675670624,
        1.8264397382736206,
        -2.9210996627807617,
        -2.2936301231384277,
        -1.3870108127593994,
        0.04638034105300903,
        -0.6913002729415894,
        -1.4446828365325928,
        -0.6182160973548889,
        0.4123339056968689,
        -0.9661837816238403,
        0.13850004971027374,
        0.45892584323883057,
        -0.8526923060417175,
        0.2696167826652527
    ],
    "unitType_0": [
        -0.2173551321029663,
        0.9281136393547058,
        0.43588295578956604,
        0.9033237099647522,
        -0.8987284302711487,
        -0.8543835878372192,
        0.6672067046165466,
        0.8403450846672058,
        -0.9428275227546692,
        -2.1304244995117188,
        -1.7251818180084229,
        -1.2586499452590942,
        -0.9679011702537537,
        3.2930150032043457,
        -0.5432196259498596,
        -0.9777157306671143
    ],
    "unitType_2": [
        -0.9385520815849304,
        0.8907707333564758,
        -0.009172153659164906,
        0.5394107699394226,
        -0.009939223527908325,
        -0.13420706987380981,
        -1.2311058044433594,
        0.4843924045562744,
        0.10535465180873871,
        -1.090175747871399,
        -1.8545572757720947,
        1.2268071174621582,
        -0.5610361695289612,
        1.7268779277801514,
        0.29302000999450684,
        -0.8416157960891724
    ],
    "unitType_1": [
        -0.7897434830665588,
        0.7298524975776672,
        0.16466054320335388,
        0.40890568494796753,
        -0.2107219099998474,
        -0.059065066277980804,
        -1.6496750116348267,
        0.7561719417572021,
        0.07405634224414825,
        -1.2045553922653198,
        -1.7623281478881836,
        1.1487749814987183,
        -0.6195850372314453,
        2.0708706378936768,
        0.4006199240684509,
        -0.7670013904571533
    ],
    "unitType_4": [
        -0.9538130760192871,
        1.1175951957702637,
        -0.3544344902038574,
        0.8460446000099182,
        0.5872962474822998,
        -0.42989054322242737,
        0.28527554869651794,
        0.2648422122001648,
        0.08152904361486435,
        -1.3592802286148071,
        -1.384482741355896,
        0.6607990860939026,
        -0.36301860213279724,
        2.2427148818969727,
        -0.1611052304506302,
        -0.8398385047912598
    ],
    "unitType_3": [
        -1.2615588903427124,
        0.6086143851280212,
        0.03650028258562088,
        0.18430644273757935,
        -0.0035181997809559107,
        -0.21511413156986237,
        -0.5381656885147095,
        0.4439821243286133,
        -0.0009986767545342445,
        -1.0196382999420166,
        -1.2372627258300781,
        0.8877983689308167,
        -0.30715277791023254,
        1.8743001222610474,
        0.05761290714144707,
        -0.4840032756328583
    ],
    "unitType_6": [
        -1.1881861686706543,
        1.2051573991775513,
        -0.3345702290534973,
        0.8301931023597717,
        -0.11208213120698929,
        -0.19928954541683197,
        0.008060289546847343,
        0.8858267664909363,
        -0.09161979705095291,
        -1.3244075775146484,
        -1.7047431468963623,
        0.5854724049568176,
        -0.41241198778152466,
        1.959179162979126,
        -0.04014238342642784,
        -0.6358495950698853
    ],
    "unitType_5": [
        -0.6757649183273315,
        0.727897047996521,
        -0.40695998072624207,
        0.9125607013702393,
        0.9349653124809265,
        -0.7261587977409363,
        -0.0005884371930733323,
        0.13085529208183289,
        0.2770129144191742,
        -1.2698599100112915,
        -1.0261753797531128,
        0.9139514565467834,
        -0.22929029166698456,
        2.2558279037475586,
        0.13805092871189117,
        -0.7848187685012817
    ],
    "unitType_-1": [
        0.0,
        0.0,
        0.0,
        0.0,
        0.0,
        0.0,
        0.0,
        0.0,
        0.0,
        0.0,
        0.0,
        0.0,
        0.0,
        0.0,
        0.0,
        0.0
    ],
    "actionType_4": [
        0.1024668738245964,
        0.853020966053009,
        -0.746099591255188,
        -2.5038774013519287,
        1.336384654045105,
        -0.45158255100250244,
        -3.1247432231903076,
        0.39824479818344116,
        -0.37602904438972473,
        -0.8080713748931885,
        -1.7438112497329712,
        1.564210057258606,
        -0.12324880063533783,
        -1.0930981636047363,
        1.060303807258606,
        0.9284818768501282
    ],
    "actionType_3": [
        -0.045381251722574234,
        1.7612924575805664,
        -1.0407804250717163,
        -2.450493574142456,
        0.3153119385242462,
        -1.3259259462356567,
        -0.5598697066307068,
        1.100705623626709,
        0.7289483547210693,
        -1.7770196199417114,
        0.2374410778284073,
        -0.015001866035163403,
        1.3392372131347656,
        -0.3557567000389099,
        0.6085938811302185,
        0.7542741894721985
    ],
    "actionType_5": [
        1.061689019203186,
        1.9037227630615234,
        -1.9319989681243896,
        -0.2779770791530609,
        0.7574018239974976,
        -1.192145586013794,
        1.2663781642913818,
        1.303760051727295,
        1.4490830898284912,
        -0.22517600655555725,
        0.711143970489502,
        2.023808479309082,
        0.5684765577316284,
        -0.24659056961536407,
        -0.20480778813362122,
        1.476677656173706
    ],
    "actionType_0": [
        0.09783178567886353,
        1.2763631343841553,
        -0.8880821466445923,
        -2.0891737937927246,
        0.7176733016967773,
        -0.9477442502975464,
        -0.5240932703018188,
        0.7157257199287415,
        -0.1541973501443863,
        -0.8847878575325012,
        -0.5669566988945007,
        0.5878394246101379,
        -0.3736760914325714,
        -1.0528560876846313,
        0.7907280325889587,
        1.0398212671279907
    ],
    "actionType_2": [
        -0.4565112888813019,
        2.565471649169922,
        -1.7487685680389404,
        -1.7966097593307495,
        -0.06853987276554108,
        -2.5762996673583984,
        1.7683708667755127,
        2.074559211730957,
        0.11464845389127731,
        -2.1187963485717773,
        0.6597305536270142,
        -1.5154547691345215,
        1.627593755722046,
        -0.11938787996768951,
        -0.16831627488136292,
        0.8695241212844849
    ],
    "actionType_1": [
        0.6471100449562073,
        1.4714041948318481,
        -1.8034753799438477,
        -1.8902111053466797,
        1.1620323657989502,
        -1.6588541269302368,
        1.170556902885437,
        1.522483468055725,
        -0.31297722458839417,
        -1.8000895977020264,
        0.4368238151073456,
        -0.6873849034309387,
        0.03193889930844307,
        -0.8249098658561707,
        0.8256484866142273,
        1.5392227172851562
    ],
    "actionType_-1": [
        0.0,
        0.0,
        0.0,
        0.0,
        0.0,
        0.0,
        0.0,
        0.0,
        0.0,
        0.0,
        0.0,
        0.0,
        0.0,
        0.0,
        0.0,
        0.0
    ]
}