{
    "mainGame": [
        -0.8532558679580688,
        -0.41862621903419495,
        1.2018746137619019,
        -0.7771870493888855,
        -0.20540279150009155,
        0.31704169511795044,
        -1.50723135471344,
        -1.4406342506408691,
        -0.16925761103630066,
        1.1547131538391113,
        -0.774543821811676,
        -2.9622392654418945,
        2.007753849029541,
        0.9893780946731567,
        -0.037970252335071564,
        -2.1447067260742188
    ],
    "unitType_0": [
        -0.43565642833709717,
        -1.338879108428955,
        1.699062466621399,
        1.1298682689666748,
        -0.6278567314147949,
        3.374328374862671,
        -1.0131094455718994,
        -0.12678253650665283,
        -1.0531541109085083,
        -0.3131851255893707,
        -1.7995002269744873,
        -0.21049007773399353,
        -0.0026549738831818104,
        -0.9228637218475342,
        -0.21098695695400238,
        -0.06522898375988007
    ],
    "unitType_2": [
        0.6993893384933472,
        -0.16498616337776184,
        -0.6520091891288757,
        1.5093847513198853,
        0.9737567901611328,
        2.5164706707000732,
        -0.8641806840896606,
        -0.10815703868865967,
        0.383463054895401,
        0.2639687657356262,
        -0.49859288334846497,
        1.351511836051941,
        0.3064194321632385,
        -1.0956045389175415,
        0.0332644097507,
        -0.19488367438316345
    ],
    "unitType_1": [
        0.1101972907781601,
        -0.47900062799453735,
        -0.5809805393218994,
        1.281046748161316,
        0.6894711256027222,
        2.851635694503784,
        -1.0918048620224,
        -0.2502249777317047,
        0.24566833674907684,
        0.02444206364452839,
        -0.7773512601852417,
        0.8104056119918823,
        0.24909278750419617,
        -0.932055652141571,
        0.04456863924860954,
        -0.12503750622272491
    ],
    "unitType_4": [
        -0.35279059410095215,
        0.4069996178150177,
        0.5607532262802124,
        1.08780038356781,
        0.6192005276679993,
        1.7891292572021484,
        -0.8693820238113403,
        0.8892425894737244,
        0.2609473466873169,
        -0.16611997783184052,
        -1.2951126098632812,
        1.4445780515670776,
        0.3826849162578583,
        -0.22078807651996613,
        -0.4871672987937927,
        -0.020916501060128212
    ],
    "unitType_3": [
        -0.23503927886486053,
        -0.44364818930625916,
        -0.2848917841911316,
        0.6806303858757019,
        0.4918632209300995,
        2.4603934288024902,
        -0.7835561633110046,
        0.23634223639965057,
        0.536980152130127,
        0.02298952452838421,
        -0.4810350239276886,
        0.7735984921455383,
        0.07428933680057526,
        -0.7083495855331421,
        -0.10920881479978561,
        -0.2757260501384735
    ],
    "unitType_6": [
        -0.3886384069919586,
        -0.23917746543884277,
        0.2138492316007614,
        0.9718732237815857,
        0.2367720901966095,
        2.635921001434326,
        -0.8917028307914734,
        0.3844562768936157,
        -0.005344071425497532,
        0.16652587056159973,
        -0.9818780422210693,
        1.076754093170166,
        0.09690527617931366,
        -0.6872965693473816,
        -0.2850289046764374,
        -0.07521670311689377
    ],
    "unitType_5": [
        -0.22885583341121674,
        0.3815872073173523,
        0.2397015392780304,
        1.2277894020080566,
        0.9874550700187683,
        1.6358673572540283,
        -0.895510196685791,
        1.1623060703277588,
        0.1464812159538269,
        0.14949935674667358,
        -1.218349575996399,
        1.1425225734710693,
        0.28497087955474854,
        -0.7273834347724915,
        -0.15331360697746277,
        0.07836349308490753
    ],
    "unitType_-1": [
        0.0,
        0.0,
        0.0,
        0.0,
        0.0,
        0.0,
        0.0,
        0.0,
        0.0,
        0.0,
        0.0,
        0.0,
        0.0,
        0.0,
        0.0,
        0.0
    ],
    "actionType_4": [
        0.009403775446116924,
        0.7502472400665283,
        -2.740704298019409,
        0.3779214322566986,
        2.1443443298339844,
        -0.5452495813369751,
        -1.7640434503555298,
        -0.2097271978855133,
        0.4965935945510864,
        1.0640771389007568,
        -0.0029412144795060158,
        0.5840306282043457,
        2.5034282207489014,
        1.0819928646087646,
        -0.6860834956169128,
        -1.3549917936325073
    ],
    "actionType_3": [
        -1.4120122194290161,
        1.031499981880188,
        -1.0191229581832886,
        -1.5117144584655762,
        0.6661726236343384,
        1.2830408811569214,
        0.02837965451180935,
        0.4893999397754669,
        -0.32492995262145996,
        0.9265633821487427,
        -1.8810523748397827,
        -0.3777146637439728,
        1.2450981140136719,
        1.2162411212921143,
        -1.432966709136963,
        -0.29614096879959106
    ],
    "actionType_5": [
        0.07075027376413345,
        1.4649080038070679,
        -0.6721625924110413,
        -0.9189772605895996,
        0.891781210899353,
        0.11607897281646729,
        0.7784377932548523,
        2.2447667121887207,
        -0.1994834691286087,
        0.5929242968559265,
        -2.908243417739868,
        0.7185438275337219,
        0.14530855417251587,
        0.8510991334915161,
        -1.6757489442825317,
        0.40942060947418213
    ],
    "actionType_0": [
        -0.4244905710220337,
        0.33053240180015564,
        -1.3741416931152344,
        -0.9956455826759338,
        0.7143322229385376,
        0.02234881930053234,
        -0.653302013874054,
        -0.08523719012737274,
        -0.3195311427116394,
        0.7267077565193176,
        -1.1526906490325928,
        -0.14887690544128418,
        1.7868647575378418,
        0.9990456104278564,
        -1.5343018770217896,
        -0.8831822872161865
    ],
    "actionType_2": [
        -2.5054123401641846,
        0.6747023463249207,
        0.3728051781654358,
        -2.170330286026001,
        -0.06786249577999115,
        1.9530481100082397,
        -0.11987452954053879,
        0.5782421231269836,
        -0.8395315408706665,
        0.2797313630580902,
        -3.0464751720428467,
        -0.7852811217308044,
        1.0088332891464233,
        1.525291085243225,
        -1.8636118173599243,
        0.38530874252319336
    ],
    "actionType_1": [
        -1.1702712774276733,
        0.4228242039680481,
        -0.6508214473724365,
        -1.9097131490707397,
        0.43388739228248596,
        0.04417191073298454,
        -0.08427450060844421,
        0.6648016571998596,
        -0.10111645609140396,
        0.17463019490242004,
        -1.9914840459823608,
        -0.32879331707954407,
        1.3633763790130615,
        1.4285463094711304,
        -1.333013892173767,
        -0.1505805104970932
    ],
    "actionType_-1": [
        0.0,
        0.0,
        0.0,
        0.0,
        0.0,
        0.0,
        0.0,
        0.0,
        0.0,
        0.0,
        0.0,
        0.0,
        0.0,
        0.0,
        0.0,
        0.0
    ]
}