{
    "mainGame": [
        -2.2275876998901367,
        -0.9986237287521362,
        -1.2289936542510986,
        -2.1169354915618896,
        -1.350954294204712,
        1.058118224143982,
        -0.466418981552124,
        0.745380163192749,
        -0.0674196258187294,
        -0.44120362401008606,
        -1.1908392906188965,
        -2.1020383834838867,
        1.798527717590332,
        -2.480058431625366,
        -0.6837689876556396,
        -0.547343909740448
    ],
    "unitType_0": [
        -2.1040475368499756,
        0.156372532248497,
        -0.10090084373950958,
        -1.6398590803146362,
        -0.8097537755966187,
        -1.0520159006118774,
        0.3788967728614807,
        -0.42716920375823975,
        0.43201974034309387,
        -0.1791357696056366,
        -0.568341076374054,
        1.4818731546401978,
        -1.1943632364273071,
        -0.7629082202911377,
        1.3252289295196533,
        2.028059244155884
    ],
    "unitType_2": [
        -0.5903186202049255,
        0.6898791193962097,
        -0.30446746945381165,
        -0.5682996511459351,
        0.16546709835529327,
        -0.33215010166168213,
        -0.001934899715706706,
        -0.2021734118461609,
        1.0321489572525024,
        -1.4271348714828491,
        -0.19191884994506836,
        1.6412453651428223,
        0.8674808740615845,
        -0.13855810463428497,
        1.7277088165283203,
        0.5039079785346985
    ],
    "unitType_1": [
        -0.7944853901863098,
        0.6790320873260498,
        -0.48238199949264526,
        -0.6220129132270813,
        0.4762764573097229,
        -0.5585170388221741,
        0.1575331687927246,
        -0.5102507472038269,
        0.9939622282981873,
        -1.2961959838867188,
        -0.25150784850120544,
        1.4579641819000244,
        0.515990674495697,
        -0.25950971245765686,
        1.9865952730178833,
        0.4778135418891907
    ],
    "unitType_4": [
        -1.1288723945617676,
        0.9988743662834167,
        -0.036205317825078964,
        -1.1716623306274414,
        -1.0563697814941406,
        -0.3385123014450073,
        -0.7106899619102478,
        -0.296932578086853,
        0.19709190726280212,
        -0.37646764516830444,
        -0.3081497550010681,
        1.148231029510498,
        0.7947444319725037,
        0.3685961067676544,
        -0.6737655997276306,
        0.7841147780418396
    ],
    "unitType_3": [
        -0.835762083530426,
        0.9835631847381592,
        -0.16702409088611603,
        -0.7742273211479187,
        0.3183465600013733,
        -0.285080224275589,
        -0.26608267426490784,
        -0.7072625160217285,
        0.5109204649925232,
        -0.8234729766845703,
        -0.3890760540962219,
        1.059819221496582,
        0.5010567307472229,
        0.19227498769760132,
        0.89115971326828,
        0.2596791088581085
    ],
    "unitType_6": [
        -1.1072248220443726,
        0.8195120692253113,
        0.05648684874176979,
        -0.8143303394317627,
        -0.32021793723106384,
        -0.539638876914978,
        -0.6481388211250305,
        -0.5672143697738647,
        0.3438911736011505,
        -0.5920830965042114,
        0.21665707230567932,
        1.5928308963775635,
        0.3655014932155609,
        -0.1356448233127594,
        0.8477410674095154,
        0.7921867370605469
    ],
    "unitType_5": [
        -0.8789507746696472,
        1.311232566833496,
        0.21452569961547852,
        -1.312252163887024,
        -0.8895645141601562,
        -0.8940262794494629,
        -0.844053328037262,
        -0.29469576478004456,
        0.30264812707901,
        -0.14257140457630157,
        -0.09201087802648544,
        1.3280386924743652,
        1.5588963031768799,
        0.06663351505994797,
        -0.1950511485338211,
        0.16938845813274384
    ],
    "unitType_-1": [
        0.0,
        0.0,
        0.0,
        0.0,
        0.0,
        0.0,
        0.0,
        0.0,
        0.0,
        0.0,
        0.0,
        0.0,
        0.0,
        0.0,
        0.0,
        0.0
    ],
    "actionType_4": [
        -0.8026463389396667,
        0.8418716788291931,
        0.3522244393825531,
        1.0899428129196167,
        1.464238166809082,
        0.8091029524803162,
        -1.9856338500976562,
        0.3104305565357208,
        -0.4156710207462311,
        -1.0872083902359009,
        0.940066933631897,
        -0.08857285231351852,
        1.308825135231018,
        -0.603425920009613,
        -0.07430115342140198,
        -0.673495352268219
    ],
    "actionType_3": [
        -1.5534472465515137,
        0.8710718750953674,
        0.6482576727867126,
        0.5242801308631897,
        1.403240442276001,
        -0.5308099389076233,
        -2.4028804302215576,
        -0.3215031921863556,
        -0.7503054141998291,
        -0.2353706955909729,
        0.5982251763343811,
        -0.18053068220615387,
        1.293330192565918,
        -1.2990403175354004,
        0.2845102548599243,
        -0.3288249671459198
    ],
    "actionType_5": [
        -2.0922129154205322,
        2.017674207687378,
        0.6127471327781677,
        0.3300643861293793,
        0.6364979147911072,
        -0.5861521363258362,
        -1.8932678699493408,
        0.7069270014762878,
        -0.9159213900566101,
        0.12611781060695648,
        0.8780834674835205,
        -0.13376589119434357,
        0.7123943567276001,
        0.5371564030647278,
        -1.2989450693130493,
        -0.5382024049758911
    ],
    "actionType_0": [
        -1.3216331005096436,
        0.7653799653053284,
        0.39278003573417664,
        0.9448806047439575,
        1.851739525794983,
        1.320020318031311,
        -2.1004042625427246,
        0.43574661016464233,
        -0.39891281723976135,
        -0.7964580655097961,
        -0.0178219024091959,
        -0.15991975367069244,
        -0.22327634692192078,
        -0.7884723544120789,
        -0.15114419162273407,
        -0.06061378866434097
    ],
    "actionType_2": [
        -2.425776958465576,
        0.6383405327796936,
        1.166623592376709,
        -0.16920651495456696,
        0.7576730251312256,
        -1.6545618772506714,
        -2.699458599090576,
        0.033646680414676666,
        -1.2204136848449707,
        0.5841266512870789,
        0.9422852993011475,
        -0.06985218077898026,
        0.8643622398376465,
        -1.5122309923171997,
        -0.46293163299560547,
        -0.21922102570533752
    ],
    "actionType_1": [
        -2.104790687561035,
        1.1085219383239746,
        0.855859637260437,
        0.9228717684745789,
        1.556967854499817,
        0.32505881786346436,
        -2.5504238605499268,
        0.32861989736557007,
        -1.1923991441726685,
        -0.04661821201443672,
        -0.24239875376224518,
        -0.2212480902671814,
        -0.4244213402271271,
        -0.31313425302505493,
        -1.1479371786117554,
        0.19809581339359283
    ],
    "actionType_-1": [
        0.0,
        0.0,
        0.0,
        0.0,
        0.0,
        0.0,
        0.0,
        0.0,
        0.0,
        0.0,
        0.0,
        0.0,
        0.0,
        0.0,
        0.0,
        0.0
    ]
}