{
    "mainGame": [
        -0.9660509824752808,
        -0.9130551815032959,
        -0.4781612157821655,
        -1.6872657537460327,
        -0.4595245122909546,
        -0.0881582573056221,
        -0.2426997572183609,
        -1.3097808361053467,
        -1.0275092124938965,
        1.6281079053878784,
        -0.9809296131134033,
        -1.2377666234970093,
        2.5279595851898193,
        0.23290665447711945,
        1.7825533151626587,
        -1.0133293867111206
    ],
    "unitType_0": [
        -0.9701491594314575,
        0.1113412082195282,
        2.42720365524292,
        0.13077981770038605,
        0.24671901762485504,
        -0.9308251142501831,
        0.16067665815353394,
        -0.6322697997093201,
        0.34201109409332275,
        0.7394595742225647,
        -0.998977780342102,
        2.104335069656372,
        -0.30020809173583984,
        0.0033393732737749815,
        0.9345572590827942,
        0.40010660886764526
    ],
    "unitType_2": [
        -1.9112805128097534,
        0.47834888100624084,
        0.962126612663269,
        0.28746917843818665,
        1.4333189725875854,
        0.17122146487236023,
        -0.0955827608704567,
        0.20358332991600037,
        0.523827850818634,
        -0.7100368142127991,
        -0.019789256155490875,
        0.6785050630569458,
        0.04887085780501366,
        -0.6391603350639343,
        1.029870867729187,
        0.5821153521537781
    ],
    "unitType_1": [
        -1.7845624685287476,
        0.04700658097863197,
        1.687322974205017,
        -0.057555969804525375,
        1.0315585136413574,
        -0.14941483736038208,
        -0.38036292791366577,
        -0.37848758697509766,
        1.186312198638916,
        -0.43043842911720276,
        -0.5270071625709534,
        0.8973485231399536,
        -0.0394103117287159,
        -0.9600145220756531,
        0.8257381916046143,
        1.1156792640686035
    ],
    "unitType_4": [
        -2.183720111846924,
        1.073392629623413,
        0.7098714709281921,
        0.10295920073986053,
        0.5886310935020447,
        -0.05203566327691078,
        0.34104636311531067,
        -0.6350076794624329,
        -1.310594081878662,
        -0.09357359260320663,
        0.443786084651947,
        0.35251444578170776,
        0.28533655405044556,
        0.7534129619598389,
        1.1211109161376953,
        0.4852098226547241
    ],
    "unitType_3": [
        -1.504507303237915,
        0.359601765871048,
        1.6542197465896606,
        0.1491759866476059,
        0.39980024099349976,
        -0.38580653071403503,
        -0.7199310660362244,
        -0.5169914364814758,
        0.061485450714826584,
        -0.07729533314704895,
        -0.297265887260437,
        0.34858468174934387,
        -0.06491905450820923,
        -1.2880712747573853,
        0.5263757705688477,
        0.8343700170516968
    ],
    "unitType_6": [
        -1.852622151374817,
        0.9350696802139282,
        1.4379364252090454,
        0.16778896749019623,
        0.13879571855068207,
        0.004966109525412321,
        -0.39740103483200073,
        -0.18882349133491516,
        -0.1021190732717514,
        0.01713029481470585,
        -0.15329697728157043,
        0.7921614050865173,
        -0.29119110107421875,
        -0.3240719437599182,
        0.9423326849937439,
        0.6776504516601562
    ],
    "unitType_5": [
        -2.4842896461486816,
        0.9421083927154541,
        0.7594884634017944,
        0.211772620677948,
        0.5657966136932373,
        0.05823373794555664,
        0.4025918245315552,
        0.011868471279740334,
        -1.1435060501098633,
        0.008285111747682095,
        0.6119418740272522,
        0.10891856253147125,
        0.6052542328834534,
        0.5694795250892639,
        1.1162844896316528,
        0.34251952171325684
    ],
    "unitType_-1": [
        0.0,
        0.0,
        0.0,
        0.0,
        0.0,
        0.0,
        0.0,
        0.0,
        0.0,
        0.0,
        0.0,
        0.0,
        0.0,
        0.0,
        0.0,
        0.0
    ],
    "actionType_4": [
        -1.1047546863555908,
        -0.23576100170612335,
        -0.6894205212593079,
        -0.9317229390144348,
        1.7127513885498047,
        1.7450878620147705,
        -1.814417839050293,
        0.3033834397792816,
        0.04803117364645004,
        -0.5634225606918335,
        -0.18924571573734283,
        -0.7271729707717896,
        -0.06059432402253151,
        0.7527880668640137,
        0.6896398663520813,
        0.5778677463531494
    ],
    "actionType_3": [
        -0.37749773263931274,
        -0.43112945556640625,
        -0.5024224519729614,
        -1.2638033628463745,
        1.1418219804763794,
        0.8202340006828308,
        -2.1483263969421387,
        -0.6864938735961914,
        -0.9016280770301819,
        1.0545144081115723,
        -0.6815117597579956,
        -0.336183100938797,
        -0.4214923083782196,
        1.7553080320358276,
        0.23968717455863953,
        0.4412105977535248
    ],
    "actionType_5": [
        -0.8334720134735107,
        0.20049618184566498,
        -0.008324524387717247,
        -0.5694535374641418,
        0.8443418741226196,
        0.6126578450202942,
        -1.8309775590896606,
        0.5896402597427368,
        -2.010502576828003,
        0.7282562851905823,
        -0.007986065931618214,
        -0.27849283814430237,
        -0.9096863865852356,
        2.3924553394317627,
        -0.004107792861759663,
        0.5612859129905701
    ],
    "actionType_0": [
        -0.08542066812515259,
        -0.31881585717201233,
        -0.9466245174407959,
        -0.7555767893791199,
        1.8359309434890747,
        1.5543797016143799,
        -2.2338857650756836,
        -0.012219934724271297,
        -0.12472473829984665,
        0.4617244005203247,
        -0.37570124864578247,
        -0.05099201202392578,
        -0.9174495339393616,
        0.4164368510246277,
        0.5004908442497253,
        0.6534816026687622
    ],
    "actionType_2": [
        0.052779123187065125,
        -0.8259208798408508,
        -0.2577085793018341,
        -1.0699529647827148,
        0.9451265335083008,
        0.8029550313949585,
        -2.593897819519043,
        -0.6101651191711426,
        -1.7776899337768555,
        1.753739595413208,
        -0.7961737513542175,
        0.7861334085464478,
        -0.5525235533714294,
        2.8701701164245605,
        0.6862087249755859,
        1.0597882270812988
    ],
    "actionType_1": [
        0.19722943007946014,
        -0.369109183549881,
        -0.903235137462616,
        -0.3931465744972229,
        1.2040871381759644,
        1.0855334997177124,
        -2.4923489093780518,
        -0.1861370950937271,
        -1.6310769319534302,
        1.0109927654266357,
        -0.1358354091644287,
        -0.2088395655155182,
        -1.1983973979949951,
        1.7087411880493164,
        0.06206512451171875,
        0.8411311507225037
    ],
    "actionType_-1": [
        0.0,
        0.0,
        0.0,
        0.0,
        0.0,
        0.0,
        0.0,
        0.0,
        0.0,
        0.0,
        0.0,
        0.0,
        0.0,
        0.0,
        0.0,
        0.0
    ]
}