{
    "mainGame": [
        -1.1673460006713867,
        0.15777021646499634,
        -1.1131234169006348,
        -1.5314663648605347,
        -0.5914248824119568,
        0.3164636790752411,
        -1.4728144407272339,
        0.01842563785612583,
        -2.219207763671875,
        0.6291863918304443,
        -0.9718236923217773,
        -2.189544916152954,
        0.26543161273002625,
        -0.9882563948631287,
        0.2679094076156616,
        -0.33295226097106934
    ],
    "unitType_0": [
        0.07391472160816193,
        1.3257064819335938,
        -0.12911371886730194,
        1.0234137773513794,
        1.748329997062683,
        -0.2473389357328415,
        0.23499661684036255,
        0.162919819355011,
        -1.4626905918121338,
        -2.7868101596832275,
        -0.307416170835495,
        -0.6339303255081177,
        -1.7626302242279053,
        0.25182780623435974,
        0.7706268429756165,
        -1.8814270496368408
    ],
    "unitType_2": [
        -0.1924869865179062,
        0.5961510539054871,
        1.8468998670578003,
        0.7848827838897705,
        -0.05386171489953995,
        0.484447181224823,
        -0.23274560272693634,
        0.6814311742782593,
        -0.6430571675300598,
        -2.0572314262390137,
        -0.9544768333435059,
        0.7906230092048645,
        -0.8909245133399963,
        -0.25848448276519775,
        -0.024166740477085114,
        -0.9428108334541321
    ],
    "unitType_1": [
        -0.5456652045249939,
        0.6919342279434204,
        1.744739294052124,
        0.9190018177032471,
        -0.08596291393041611,
        0.37955722212791443,
        -0.12892815470695496,
        0.7963265180587769,
        -0.6591814160346985,
        -2.1913273334503174,
        -0.6492660045623779,
        0.5020936131477356,
        -0.759810745716095,
        0.07537129521369934,
        -0.26214665174484253,
        -1.098588228225708
    ],
    "unitType_4": [
        -0.40541404485702515,
        0.2579357326030731,
        0.10012692958116531,
        0.035670604556798935,
        0.3602759540081024,
        0.39066261053085327,
        1.1217530965805054,
        1.2484945058822632,
        -0.6550370454788208,
        -1.3829715251922607,
        -1.5112868547439575,
        0.8865009546279907,
        -1.544289231300354,
        -0.4076855778694153,
        1.0821928977966309,
        -0.5537682175636292
    ],
    "unitType_3": [
        -0.643083930015564,
        0.555461585521698,
        0.8290472626686096,
        0.5571119785308838,
        0.5072081685066223,
        0.49276310205459595,
        -0.02981986664235592,
        0.6385728716850281,
        -0.7317795753479004,
        -2.0300724506378174,
        -0.31798022985458374,
        0.10976134240627289,
        -0.5888383984565735,
        -0.14164172112941742,
        0.15511418879032135,
        -0.8658588528633118
    ],
    "unitType_6": [
        -0.6162766814231873,
        0.739338755607605,
        0.7207905650138855,
        0.30524784326553345,
        0.5366557240486145,
        0.3603675365447998,
        0.7806740403175354,
        0.6411144733428955,
        -0.6143559813499451,
        -1.8165159225463867,
        -1.1225367784500122,
        0.7809697985649109,
        -1.0347185134887695,
        -0.23348084092140198,
        0.6046274900436401,
        -0.7498340606689453
    ],
    "unitType_5": [
        -0.3081839382648468,
        0.2499522715806961,
        0.5279734134674072,
        0.12520229816436768,
        0.11973802745342255,
        0.5412122011184692,
        1.1402238607406616,
        1.2851862907409668,
        -0.5857881307601929,
        -1.462428092956543,
        -1.1620384454727173,
        1.3157767057418823,
        -1.4016845226287842,
        -0.37066900730133057,
        0.7224619388580322,
        -0.7406798005104065
    ],
    "unitType_-1": [
        0.0,
        0.0,
        0.0,
        0.0,
        0.0,
        0.0,
        0.0,
        0.0,
        0.0,
        0.0,
        0.0,
        0.0,
        0.0,
        0.0,
        0.0,
        0.0
    ],
    "actionType_4": [
        -1.431662678718567,
        -0.7365970611572266,
        1.6155269145965576,
        -1.9888417720794678,
        -2.3154356479644775,
        -0.176589697599411,
        -0.8712401986122131,
        0.8493558764457703,
        -0.6528778076171875,
        -1.1680324077606201,
        -2.5315654277801514,
        -0.39652305841445923,
        0.42593294382095337,
        0.20427604019641876,
        0.15892738103866577,
        0.39921504259109497
    ],
    "actionType_3": [
        -0.8541417717933655,
        0.10456445813179016,
        0.3490460515022278,
        -2.6714000701904297,
        -1.4825503826141357,
        -0.8435264229774475,
        1.117437720298767,
        0.9362981915473938,
        0.403212308883667,
        -1.3432587385177612,
        -0.268968403339386,
        -1.4635469913482666,
        0.5318314433097839,
        0.7574784755706787,
        0.08631594479084015,
        0.0014017353532835841
    ],
    "actionType_5": [
        0.6284972429275513,
        0.9225345253944397,
        0.2186911404132843,
        -1.9201290607452393,
        -1.0217819213867188,
        -0.4643326699733734,
        3.2139883041381836,
        1.8383111953735352,
        0.13095976412296295,
        -0.23886415362358093,
        0.9699574112892151,
        -0.17101866006851196,
        -0.6091392636299133,
        0.11572930961847305,
        0.041141100227832794,
        1.3621652126312256
    ],
    "actionType_0": [
        -0.5419999361038208,
        0.1618443876504898,
        -0.036547254770994186,
        -2.1456332206726074,
        -2.012420415878296,
        -0.956942617893219,
        -0.42035090923309326,
        0.9087433815002441,
        -0.6221095323562622,
        -1.218255877494812,
        0.22655253112316132,
        -0.9852666854858398,
        -0.012789481319487095,
        0.4898029863834381,
        -0.16977916657924652,
        0.08329471200704575
    ],
    "actionType_2": [
        -0.771817147731781,
        0.5447374582290649,
        -1.8457564115524292,
        -3.6847240924835205,
        -0.4385758936405182,
        -2.351073980331421,
        1.79912269115448,
        1.1370079517364502,
        -0.7441043257713318,
        -1.4178919792175293,
        0.6771214008331299,
        -2.8447680473327637,
        0.5852324962615967,
        1.7809600830078125,
        0.38834574818611145,
        0.37523454427719116
    ],
    "actionType_1": [
        -0.8340592980384827,
        0.08578528463840485,
        -1.490301489830017,
        -3.371399402618408,
        -1.7805858850479126,
        -1.2713507413864136,
        1.0482428073883057,
        1.4696372747421265,
        -0.5644757151603699,
        -0.6488720774650574,
        1.218725562095642,
        -1.154164433479309,
        0.1942099928855896,
        1.111832857131958,
        0.4424512982368469,
        -0.030439751222729683
    ],
    "actionType_-1": [
        0.0,
        0.0,
        0.0,
        0.0,
        0.0,
        0.0,
        0.0,
        0.0,
        0.0,
        0.0,
        0.0,
        0.0,
        0.0,
        0.0,
        0.0,
        0.0
    ]
}