{
    "mainGame": [
        -1.659301996231079,
        -1.0407260656356812,
        -1.0447076559066772,
        -0.9050806164741516,
        -1.4214913845062256,
        -0.7285653352737427,
        0.9326866865158081,
        -1.7441678047180176,
        -1.3219678401947021,
        0.3066633641719818,
        -0.4858446419239044,
        -2.669363021850586,
        2.3442976474761963,
        -0.11232957243919373,
        0.1013420820236206,
        0.6156445145606995
    ],
    "unitType_0": [
        -1.1886351108551025,
        -1.066705584526062,
        0.8215621113777161,
        -1.3006670475006104,
        0.29769694805145264,
        -2.080704689025879,
        -0.27839425206184387,
        -1.0694104433059692,
        -0.12129931151866913,
        0.36015215516090393,
        0.5190092325210571,
        0.8669770956039429,
        -0.27627092599868774,
        -0.35864323377609253,
        1.351659893989563,
        2.7539432048797607
    ],
    "unitType_2": [
        -1.384934663772583,
        -0.6374186277389526,
        0.5775318145751953,
        -0.30700573325157166,
        0.2751312851905823,
        0.19493260979652405,
        -0.3879762291908264,
        -0.6224296689033508,
        1.3568470478057861,
        -0.16071894764900208,
        -0.008682221174240112,
        1.5370069742202759,
        1.1859525442123413,
        -0.4173988997936249,
        0.5528176426887512,
        1.372941493988037
    ],
    "unitType_1": [
        -1.3486106395721436,
        -0.9544851183891296,
        0.43942567706108093,
        -0.8529385328292847,
        -0.3093052804470062,
        0.028268584981560707,
        0.06691821664571762,
        -0.9887086749076843,
        0.9035338163375854,
        -0.2044088989496231,
        -0.08380847424268723,
        1.2582786083221436,
        0.998030424118042,
        -0.7098878622055054,
        0.5533324480056763,
        1.8445888757705688
    ],
    "unitType_4": [
        -1.4090330600738525,
        0.33096200227737427,
        1.155503749847412,
        0.10159342736005783,
        0.9831945300102234,
        -1.265816330909729,
        -0.3718496859073639,
        -1.0504090785980225,
        1.2907443046569824,
        -0.054287780076265335,
        -0.0765477865934372,
        0.5709229111671448,
        0.46200302243232727,
        1.7659590244293213,
        0.44090279936790466,
        0.7153444290161133
    ],
    "unitType_3": [
        -1.1155509948730469,
        -0.44288235902786255,
        0.4326215982437134,
        -0.4705885350704193,
        -0.38084954023361206,
        -0.4098876416683197,
        0.018870234489440918,
        -1.022180438041687,
        0.4420083463191986,
        -0.48807114362716675,
        -0.09875573962926865,
        0.7193291783332825,
        1.04632568359375,
        0.14318504929542542,
        0.44485875964164734,
        1.0328408479690552
    ],
    "unitType_6": [
        -1.458121418952942,
        0.00622036075219512,
        0.7578660845756531,
        -0.5886293053627014,
        0.2340114563703537,
        -0.609409749507904,
        -0.3198842406272888,
        -0.879460334777832,
        0.7732861638069153,
        -0.450855553150177,
        0.10863936692476273,
        1.0079126358032227,
        0.6046640276908875,
        0.6442927718162537,
        0.6590163111686707,
        1.0875972509384155
    ],
    "unitType_5": [
        -1.1687335968017578,
        0.21861355006694794,
        1.288398027420044,
        0.39902299642562866,
        1.0292860269546509,
        -0.7004916667938232,
        -0.6699663996696472,
        -0.6971307992935181,
        1.536629319190979,
        -0.09396690875291824,
        0.011701777577400208,
        0.8188738226890564,
        0.46061623096466064,
        1.5716058015823364,
        0.06043507531285286,
        1.0023276805877686
    ],
    "unitType_-1": [
        0.0,
        0.0,
        0.0,
        0.0,
        0.0,
        0.0,
        0.0,
        0.0,
        0.0,
        0.0,
        0.0,
        0.0,
        0.0,
        0.0,
        0.0,
        0.0
    ],
    "actionType_4": [
        -0.8295754790306091,
        0.7352479696273804,
        -0.43947479128837585,
        0.16075211763381958,
        0.9596542716026306,
        1.3728678226470947,
        -0.9451438784599304,
        0.5917359590530396,
        0.5447058081626892,
        -0.3174844980239868,
        0.6059318780899048,
        -0.3996739089488983,
        2.29587984085083,
        -0.2164517641067505,
        -1.4430694580078125,
        0.1298893839120865
    ],
    "actionType_3": [
        -0.8037291765213013,
        1.306856632232666,
        -0.5263692736625671,
        -0.369607150554657,
        1.0061917304992676,
        -0.13068963587284088,
        -1.5960931777954102,
        -0.14393219351768494,
        -0.8514413833618164,
        0.4921671152114868,
        0.5433197021484375,
        -1.4637761116027832,
        2.0437731742858887,
        -0.19989877939224243,
        -1.3759899139404297,
        1.0428019762039185
    ],
    "actionType_5": [
        -0.6206664443016052,
        1.8686318397521973,
        0.19347938895225525,
        0.44558045268058777,
        0.3899868428707123,
        -0.05558974668383598,
        -1.548988938331604,
        0.7226795554161072,
        -0.03828538954257965,
        -0.555612325668335,
        1.250243902206421,
        -0.7941290140151978,
        1.0250959396362305,
        1.9035449028015137,
        -1.8493423461914062,
        0.7753444314002991
    ],
    "actionType_0": [
        -0.8762750029563904,
        0.9144563674926758,
        -0.24415916204452515,
        0.11586983501911163,
        1.2022372484207153,
        0.9741148948669434,
        -1.1609318256378174,
        0.8795115351676941,
        -0.2570807635784149,
        -0.05893784016370773,
        0.6019547581672668,
        -0.6532426476478577,
        2.0226356983184814,
        -0.35549765825271606,
        -1.179166555404663,
        -0.026849206537008286
    ],
    "actionType_2": [
        -1.1905314922332764,
        2.0241403579711914,
        -0.2677611708641052,
        -0.2824029326438904,
        1.345007300376892,
        -0.8287187814712524,
        -1.8907583951950073,
        0.5335557460784912,
        -1.7855525016784668,
        0.5571779012680054,
        1.3093866109848022,
        -1.2530580759048462,
        1.334628939628601,
        0.557766318321228,
        -1.1745882034301758,
        1.5153660774230957
    ],
    "actionType_1": [
        -0.7851855754852295,
        1.7190110683441162,
        -0.15441368520259857,
        0.3536570072174072,
        1.362547516822815,
        -0.1381792575120926,
        -1.4022986888885498,
        0.745721161365509,
        -0.5014573335647583,
        -0.07913152873516083,
        0.9042103886604309,
        -1.3146405220031738,
        1.2946168184280396,
        0.951421856880188,
        -1.336504578590393,
        0.20157064497470856
    ],
    "actionType_-1": [
        0.0,
        0.0,
        0.0,
        0.0,
        0.0,
        0.0,
        0.0,
        0.0,
        0.0,
        0.0,
        0.0,
        0.0,
        0.0,
        0.0,
        0.0,
        0.0
    ]
}