{
    "mainGame": [
        -0.8985899090766907,
        -0.5969211459159851,
        0.11830665171146393,
        -0.6294384598731995,
        -0.6995633840560913,
        1.2147955894470215,
        0.09875637292861938,
        -1.4087399244308472,
        -1.177018642425537,
        0.5950425863265991,
        -0.4067142605781555,
        -2.2472026348114014,
        1.5250838994979858,
        -2.0043773651123047,
        1.4359439611434937,
        -1.1397342681884766
    ],
    "unitType_0": [
        -1.452815055847168,
        -1.350202202796936,
        0.8058135509490967,
        -1.2235091924667358,
        -1.3857227563858032,
        -0.6092250943183899,
        -0.23268644511699677,
        -0.40895622968673706,
        0.26122114062309265,
        0.25189992785453796,
        0.41572123765945435,
        2.1198818683624268,
        -0.406162828207016,
        -1.0037394762039185,
        0.8923549652099609,
        0.797450840473175
    ],
    "unitType_2": [
        -1.0143364667892456,
        -0.3994969427585602,
        0.6780681610107422,
        0.2811879515647888,
        0.5990782380104065,
        0.16214652359485626,
        -1.2097856998443604,
        0.4051116108894348,
        0.5161026120185852,
        -0.4219948947429657,
        0.3037998676300049,
        1.2570010423660278,
        -0.19929927587509155,
        -1.274931788444519,
        1.7055881023406982,
        1.7505393028259277
    ],
    "unitType_1": [
        -0.6985411643981934,
        -1.3836511373519897,
        0.22703003883361816,
        0.9023786187171936,
        -0.17043612897396088,
        1.1365258693695068,
        -0.7021612524986267,
        0.13335391879081726,
        0.550187349319458,
        0.04571564123034477,
        0.4744972288608551,
        1.5328606367111206,
        -0.6104539036750793,
        -1.5055572986602783,
        1.2654774188995361,
        1.5919045209884644
    ],
    "unitType_4": [
        -1.4664297103881836,
        -0.12783916294574738,
        0.30391693115234375,
        -0.8284434676170349,
        0.9001263976097107,
        -1.080866813659668,
        -1.4709432125091553,
        -1.1176931858062744,
        -0.2581465542316437,
        -0.39456358551979065,
        0.898803174495697,
        0.7915178537368774,
        1.289923071861267,
        0.2992923855781555,
        -0.08295048773288727,
        0.22770743072032928
    ],
    "unitType_3": [
        -1.0509792566299438,
        -0.8237043619155884,
        0.17256319522857666,
        0.2800142168998718,
        0.6848834156990051,
        0.70411217212677,
        -1.129590630531311,
        -0.44252610206604004,
        0.31520581245422363,
        -0.09169204533100128,
        0.6138374209403992,
        0.7780935764312744,
        -0.4473496079444885,
        -0.9648523330688477,
        0.6207190752029419,
        1.3551071882247925
    ],
    "unitType_6": [
        -1.3788249492645264,
        -0.3458186089992523,
        0.44331613183021545,
        -0.24958691000938416,
        0.2468750923871994,
        -0.07143423706293106,
        -1.3210190534591675,
        -0.8940856456756592,
        0.42548924684524536,
        0.01252464298158884,
        0.9042583703994751,
        1.0557327270507812,
        -0.06630405783653259,
        -0.7560437917709351,
        0.4764159321784973,
        0.7726804614067078
    ],
    "unitType_5": [
        -1.5263437032699585,
        0.17470969259738922,
        0.5908544063568115,
        -0.5874236226081848,
        0.8136047124862671,
        -0.6752428412437439,
        -1.8607615232467651,
        -1.17206871509552,
        -0.23006422817707062,
        -0.32342082262039185,
        0.9562192559242249,
        0.35121551156044006,
        0.8618811368942261,
        -0.5258697271347046,
        0.04580181837081909,
        0.5845948457717896
    ],
    "unitType_-1": [
        0.0,
        0.0,
        0.0,
        0.0,
        0.0,
        0.0,
        0.0,
        0.0,
        0.0,
        0.0,
        0.0,
        0.0,
        0.0,
        0.0,
        0.0,
        0.0
    ],
    "actionType_4": [
        0.26513952016830444,
        -1.097144365310669,
        0.4673468768596649,
        1.377488613128662,
        1.723218560218811,
        0.1318751871585846,
        -1.5929977893829346,
        0.8380554914474487,
        -0.48818475008010864,
        -0.2806093990802765,
        0.5209429264068604,
        -0.5616880059242249,
        1.6544526815414429,
        -0.3694406747817993,
        0.26747259497642517,
        0.2707185745239258
    ],
    "actionType_3": [
        0.243474543094635,
        -1.39475679397583,
        0.20891501009464264,
        1.3100597858428955,
        0.8253839015960693,
        -0.6905336976051331,
        -1.638946771621704,
        -0.2908095717430115,
        -0.5788034796714783,
        0.43497714400291443,
        1.5307424068450928,
        -0.35195523500442505,
        2.3071157932281494,
        -1.1182161569595337,
        -0.935444712638855,
        -0.3240976929664612
    ],
    "actionType_5": [
        -0.7618016600608826,
        0.26741379499435425,
        1.2573003768920898,
        0.7587248682975769,
        0.7187809944152832,
        -1.2362353801727295,
        -1.5760924816131592,
        0.966492235660553,
        -1.526072382926941,
        -0.16909067332744598,
        1.59023118019104,
        -1.1871830224990845,
        0.7777363657951355,
        0.6092915534973145,
        -1.3845220804214478,
        0.7766634821891785
    ],
    "actionType_0": [
        0.22059690952301025,
        -0.9552954435348511,
        0.48654231429100037,
        0.821734607219696,
        0.9190049171447754,
        -0.288819283246994,
        -0.788169801235199,
        0.8927493691444397,
        -0.9749285578727722,
        -0.5273075699806213,
        0.5043746829032898,
        -1.3628586530685425,
        1.094599962234497,
        -1.958364486694336,
        0.43092814087867737,
        0.1815083771944046
    ],
    "actionType_2": [
        -0.09769916534423828,
        -1.322867751121521,
        0.5843749642372131,
        0.5775824189186096,
        -0.15430906414985657,
        -1.5774980783462524,
        -1.2361581325531006,
        -0.33956971764564514,
        -1.1117199659347534,
        0.7461550831794739,
        2.3135194778442383,
        -0.6842855215072632,
        2.0371127128601074,
        -1.2678444385528564,
        -1.660538673400879,
        -0.6689316034317017
    ],
    "actionType_1": [
        -0.3287777900695801,
        -0.4854104220867157,
        0.6424990296363831,
        0.4807018041610718,
        0.06947275996208191,
        -0.9997565150260925,
        -0.747734785079956,
        0.7563326358795166,
        -2.125375986099243,
        -0.24128857254981995,
        0.8636908531188965,
        -1.888430118560791,
        1.1785014867782593,
        -1.2001417875289917,
        -0.8291217684745789,
        0.03460828214883804
    ],
    "actionType_-1": [
        0.0,
        0.0,
        0.0,
        0.0,
        0.0,
        0.0,
        0.0,
        0.0,
        0.0,
        0.0,
        0.0,
        0.0,
        0.0,
        0.0,
        0.0,
        0.0
    ]
}