{
    "mainGame": [
        -1.9374974966049194,
        -1.7233755588531494,
        -0.0009235806646756828,
        -1.0823700428009033,
        -1.6120719909667969,
        0.4464038908481598,
        -1.3770085573196411,
        -0.7089681029319763,
        0.03627781569957733,
        -0.19570159912109375,
        -1.4978736639022827,
        -0.9347069263458252,
        1.5067849159240723,
        -0.4381318688392639,
        1.4002362489700317,
        -0.21438437700271606
    ],
    "unitType_0": [
        -0.3178138732910156,
        -0.701028048992157,
        0.6791182160377502,
        -1.0000370740890503,
        1.4099663496017456,
        -1.557141661643982,
        0.14762040972709656,
        -0.48859864473342896,
        0.1265048384666443,
        -0.658061146736145,
        -0.691318690776825,
        1.5084284543991089,
        -1.4332026243209839,
        -2.209371328353882,
        0.7788496017456055,
        1.3805617094039917
    ],
    "unitType_2": [
        -1.859769582748413,
        -0.2683725357055664,
        0.39695295691490173,
        -0.27510014176368713,
        0.8295219540596008,
        0.39141330122947693,
        -0.01784289814531803,
        -0.5337129831314087,
        0.8801143169403076,
        -0.8289766311645508,
        -0.16203756630420685,
        2.275350332260132,
        0.20712998509407043,
        -0.18523946404457092,
        -0.020859504118561745,
        1.3105316162109375
    ],
    "unitType_1": [
        -0.9125255942344666,
        -0.8571821451187134,
        -0.017259689047932625,
        -0.3765597939491272,
        1.2577195167541504,
        0.1554027795791626,
        -0.15411335229873657,
        -0.8168524503707886,
        0.8442571759223938,
        -1.0985454320907593,
        0.10341563075780869,
        1.9773417711257935,
        0.053202319890260696,
        -0.41519251465797424,
        0.4032799005508423,
        1.0943701267242432
    ],
    "unitType_4": [
        -1.5267852544784546,
        1.1575117111206055,
        1.2731486558914185,
        -0.324588805437088,
        0.16467608511447906,
        -0.6679356694221497,
        0.06462056189775467,
        -1.2631726264953613,
        0.7186631560325623,
        0.45934373140335083,
        -0.3441893458366394,
        0.5070765614509583,
        1.025617003440857,
        -0.5014733076095581,
        0.449706494808197,
        1.920653223991394
    ],
    "unitType_3": [
        -0.5204172730445862,
        -0.07769789546728134,
        0.3678976893424988,
        -0.21865133941173553,
        1.4383655786514282,
        -0.4637897312641144,
        -0.2132333517074585,
        -1.291359543800354,
        0.3953971862792969,
        -0.7897298336029053,
        0.1492735892534256,
        1.1387983560562134,
        0.45549276471138,
        -0.0008149077766574919,
        0.49373891949653625,
        1.0172655582427979
    ],
    "unitType_6": [
        -0.8894361257553101,
        0.3907208740711212,
        0.9479455947875977,
        -0.8005889058113098,
        1.0278451442718506,
        -0.8064968585968018,
        -0.11657410115003586,
        -0.9633296132087708,
        0.39176052808761597,
        -0.04668097198009491,
        0.22148427367210388,
        0.8765233159065247,
        0.23901385068893433,
        -0.9009557366371155,
        0.1608077585697174,
        1.2336570024490356
    ],
    "unitType_5": [
        -1.249557375907898,
        1.5627517700195312,
        1.3641613721847534,
        -0.32729172706604004,
        0.6738704442977905,
        -0.9485201239585876,
        0.0531870499253273,
        -1.6875196695327759,
        0.6261717677116394,
        0.6457711458206177,
        -0.10633301734924316,
        0.6981747150421143,
        0.6591253280639648,
        -0.2789149582386017,
        -0.020710106939077377,
        1.5329360961914062
    ],
    "unitType_-1": [
        0.0,
        0.0,
        0.0,
        0.0,
        0.0,
        0.0,
        0.0,
        0.0,
        0.0,
        0.0,
        0.0,
        0.0,
        0.0,
        0.0,
        0.0,
        0.0
    ],
    "actionType_4": [
        -0.12553079426288605,
        -0.8011090755462646,
        0.35900673270225525,
        -0.2565436065196991,
        1.280517339706421,
        0.05448257923126221,
        -1.1696522235870361,
        -0.2959496080875397,
        -0.24975158274173737,
        0.8608514666557312,
        0.9324516654014587,
        0.06152370572090149,
        3.303709030151367,
        0.92704176902771,
        -0.444335013628006,
        0.030466996133327484
    ],
    "actionType_3": [
        -0.18504178524017334,
        -0.26849398016929626,
        0.6705711483955383,
        -0.836828887462616,
        1.0842949151992798,
        -0.8736404180526733,
        -1.9804432392120361,
        -0.524157702922821,
        -0.6166918873786926,
        1.4004149436950684,
        0.5222817063331604,
        -0.6259589195251465,
        2.456519842147827,
        -1.0102752447128296,
        -0.35556018352508545,
        -0.05571167171001434
    ],
    "actionType_5": [
        -0.8172491192817688,
        0.44146326184272766,
        1.5153486728668213,
        -0.19329817593097687,
        0.6662386655807495,
        -1.1312084197998047,
        -0.7101856470108032,
        0.0066070458851754665,
        -1.642478108406067,
        1.1659036874771118,
        1.4499775171279907,
        -1.2190542221069336,
        1.6686052083969116,
        0.29323720932006836,
        -1.1593576669692993,
        0.42550259828567505
    ],
    "actionType_0": [
        -0.7704838514328003,
        -0.5698795318603516,
        0.040787260979413986,
        -0.4244539141654968,
        0.9960287809371948,
        0.37074175477027893,
        -1.714093565940857,
        -0.02596437744796276,
        -0.40403518080711365,
        0.6235709190368652,
        0.8641688227653503,
        -0.32556062936782837,
        2.2927420139312744,
        -0.11019959300756454,
        -0.5026705265045166,
        -0.4403587579727173
    ],
    "actionType_2": [
        -0.36996278166770935,
        -0.05723707750439644,
        0.8356287479400635,
        -0.9183632135391235,
        0.9508973956108093,
        -1.454851746559143,
        -2.1766650676727295,
        -0.17200644314289093,
        -0.954871416091919,
        1.3917250633239746,
        1.4061886072158813,
        -0.900641679763794,
        1.615818738937378,
        -1.9784632921218872,
        -0.9443130493164062,
        -0.009542735293507576
    ],
    "actionType_1": [
        -1.105911374092102,
        -0.10619356483221054,
        0.5798216462135315,
        -0.42824241518974304,
        0.5391489267349243,
        -0.37255507707595825,
        -1.7533934116363525,
        -0.04362989217042923,
        -1.125839114189148,
        0.9437220096588135,
        1.088099479675293,
        -1.393827199935913,
        1.5198674201965332,
        -0.9592190384864807,
        -0.5343011617660522,
        0.43393826484680176
    ],
    "actionType_-1": [
        0.0,
        0.0,
        0.0,
        0.0,
        0.0,
        0.0,
        0.0,
        0.0,
        0.0,
        0.0,
        0.0,
        0.0,
        0.0,
        0.0,
        0.0,
        0.0
    ]
}