{
    "mainGame": [
        -1.327122449874878,
        -0.18901397287845612,
        -0.49164703488349915,
        -1.2275773286819458,
        -2.281341075897217,
        -0.3620287775993347,
        -1.1202733516693115,
        -0.4504051208496094,
        -1.5354030132293701,
        0.5798184871673584,
        -1.6051331758499146,
        -1.7420638799667358,
        2.3170175552368164,
        0.7430453300476074,
        -0.9010066986083984,
        -1.6589850187301636
    ],
    "unitType_0": [
        -0.5567447543144226,
        0.5784139633178711,
        1.8351255655288696,
        0.15859659016132355,
        -1.326080083847046,
        -0.3942705988883972,
        0.3197934329509735,
        1.8113718032836914,
        -2.0743398666381836,
        -1.5302996635437012,
        -1.2463655471801758,
        -1.6756455898284912,
        -0.5634798407554626,
        0.6502522826194763,
        -0.8323275446891785,
        -0.20171478390693665
    ],
    "unitType_2": [
        0.6556547284126282,
        0.5146297216415405,
        1.174369215965271,
        0.23568744957447052,
        -0.4591005742549896,
        0.6362804770469666,
        -0.3700849115848541,
        1.608670949935913,
        -0.6023758053779602,
        -1.501388430595398,
        -1.8617000579833984,
        1.2274829149246216,
        -0.6531014442443848,
        0.26304128766059875,
        0.5617586374282837,
        0.12283263355493546
    ],
    "unitType_1": [
        0.3085058927536011,
        0.5811066627502441,
        1.3508996963500977,
        0.07705171406269073,
        -0.8910397887229919,
        0.34848880767822266,
        -0.5991561412811279,
        1.518798589706421,
        -0.8019320964813232,
        -1.5635509490966797,
        -1.7537099123001099,
        1.073318362236023,
        -0.21051764488220215,
        0.9382097721099854,
        0.06459882110357285,
        -0.21962445974349976
    ],
    "unitType_4": [
        0.15190859138965607,
        0.9725037813186646,
        0.5773705244064331,
        -0.034069180488586426,
        -0.1365078091621399,
        0.29255619645118713,
        0.11305532604455948,
        2.2348973751068115,
        -0.9994786381721497,
        -0.6302241086959839,
        -1.6433104276657104,
        -0.6012900471687317,
        -0.7504822015762329,
        0.17739735543727875,
        0.16558828949928284,
        -0.07484307885169983
    ],
    "unitType_3": [
        0.1311606764793396,
        -0.06898565590381622,
        0.6509608030319214,
        -0.3216218650341034,
        -0.018050581216812134,
        0.23563814163208008,
        -0.4431186616420746,
        1.688580870628357,
        -1.0432205200195312,
        -0.9800132513046265,
        -0.9691803455352783,
        0.2873614728450775,
        -0.2547319233417511,
        0.11028318107128143,
        0.19881977140903473,
        0.2904341518878937
    ],
    "unitType_6": [
        0.16065289080142975,
        0.5785096883773804,
        0.8480255603790283,
        -0.012767300009727478,
        -0.21569199860095978,
        0.12818783521652222,
        -0.1316341906785965,
        1.9866887331008911,
        -1.5382657051086426,
        -0.904367983341217,
        -1.6700778007507324,
        -0.4290623068809509,
        -0.6222776770591736,
        0.06690153479576111,
        -0.0655592828989029,
        0.39328765869140625
    ],
    "unitType_5": [
        0.19781182706356049,
        0.8655411005020142,
        0.7821112871170044,
        0.010754629038274288,
        -0.5500991940498352,
        0.316880464553833,
        -0.0074985274113714695,
        1.7374287843704224,
        -0.6163151264190674,
        -0.6550212502479553,
        -1.8187954425811768,
        -0.05812560394406319,
        -0.9198622703552246,
        0.29612916707992554,
        0.16104957461357117,
        0.02501050941646099
    ],
    "unitType_-1": [
        0.0,
        0.0,
        0.0,
        0.0,
        0.0,
        0.0,
        0.0,
        0.0,
        0.0,
        0.0,
        0.0,
        0.0,
        0.0,
        0.0,
        0.0,
        0.0
    ],
    "actionType_4": [
        0.44366058707237244,
        -1.399580955505371,
        -0.8141198754310608,
        -0.9871629476547241,
        1.0276129245758057,
        0.7516980171203613,
        -3.316288709640503,
        0.09228887408971786,
        -1.7488425970077515,
        -1.1644959449768066,
        -1.8974751234054565,
        1.42254638671875,
        1.7827976942062378,
        -0.9750826954841614,
        0.2707163989543915,
        -0.4545741379261017
    ],
    "actionType_3": [
        0.1466430276632309,
        -0.5701600909233093,
        -0.6276929974555969,
        -1.3429772853851318,
        0.8717560768127441,
        0.5070620775222778,
        -0.250245064496994,
        1.9328092336654663,
        0.5164099335670471,
        -1.2177233695983887,
        -1.0714592933654785,
        -0.5966644287109375,
        1.1382042169570923,
        -0.3155699074268341,
        -0.9241364002227783,
        -1.7248116731643677
    ],
    "actionType_5": [
        0.9237564206123352,
        0.47261035442352295,
        -0.8747756481170654,
        -1.8904755115509033,
        1.2831298112869263,
        0.5654013156890869,
        2.245375156402588,
        1.870019555091858,
        2.473022222518921,
        0.2285587638616562,
        -2.143339157104492,
        0.672124981880188,
        -0.010380993597209454,
        1.0528616905212402,
        -0.531640887260437,
        -0.1875905990600586
    ],
    "actionType_0": [
        -0.033468976616859436,
        -0.6625909805297852,
        -1.0429877042770386,
        -0.7910096049308777,
        1.4224754571914673,
        0.19970695674419403,
        -0.2835615873336792,
        0.2495255470275879,
        -0.26157039403915405,
        -1.227140188217163,
        -1.517849087715149,
        0.6137892603874207,
        0.8885849118232727,
        -0.12041600793600082,
        -0.2508881688117981,
        -1.8158626556396484
    ],
    "actionType_2": [
        -0.2834242284297943,
        -0.21203987300395966,
        -1.0597814321517944,
        -1.427742600440979,
        1.8015310764312744,
        -0.6835480332374573,
        1.1149823665618896,
        3.3637359142303467,
        0.012062127701938152,
        -0.5433750748634338,
        -0.496286541223526,
        -3.3313510417938232,
        1.115333914756775,
        -0.5566983819007874,
        -2.0247256755828857,
        -2.4029386043548584
    ],
    "actionType_1": [
        0.06017547473311424,
        -0.7101160883903503,
        -2.2561402320861816,
        -0.9672362208366394,
        1.8337072134017944,
        -0.26412907242774963,
        0.8480879068374634,
        1.6841518878936768,
        0.21933500468730927,
        -0.6016486883163452,
        -1.5834518671035767,
        -1.1946015357971191,
        0.7621934413909912,
        -0.2225833237171173,
        -0.7513067126274109,
        -2.17319655418396
    ],
    "actionType_-1": [
        0.0,
        0.0,
        0.0,
        0.0,
        0.0,
        0.0,
        0.0,
        0.0,
        0.0,
        0.0,
        0.0,
        0.0,
        0.0,
        0.0,
        0.0,
        0.0
    ]
}